Volume,Issue,Journal Name,Published Date,Link,Title,Journal Year,Author 1,Author 2,Author 3,Author 4,Author 5,Author 6,Author 7,Author 8,Author 9,Author 10,Gender_Author 1,Gender_Author 2,Gender_Author 3,Gender_Author 4,Gender_Author 5,Gender_Author 6,Gender_Author 7,Gender_Author 8,Gender_Author 9,Gender_Author 10
1,1,The Quarterly Journal of Austrian Economics,,https://link.springer.com/article/10.1007/s12113-998-1000-9,The separation of commercial and investment banking: The morgans vs. The rockefellers,March 1998,Alexander Tabarrok,,,,,,,,,,Male,Unknown,Unknown,Unknown,Unknown,Unknown,Unknown,Unknown,Unknown,Unknown
1,1,The Quarterly Journal of Austrian Economics,,https://link.springer.com/article/10.1007/s12113-998-1001-8,Against fiduciary media,March 1998,Hans-Hermann Hoppe,Jörg Guido Hülsmann,Walter Block,,,,,,,,Unknown,Male,Male,Unknown,Unknown,Unknown,Unknown,Unknown,Unknown,Unknown
1,1,The Quarterly Journal of Austrian Economics,,https://link.springer.com/article/10.1007/s12113-998-1002-7,The intertemporal Adam Smith,March 1998,Roger W. Garrison,,,,,,,,,,Male,Unknown,Unknown,Unknown,Unknown,Unknown,Unknown,Unknown,Unknown,Unknown
1,1,The Quarterly Journal of Austrian Economics,,https://link.springer.com/article/10.1007/s12113-998-1003-6,Murray rothbard confronts Adam Smith,March 1998,Paul B. Trescott,,,,,,,,,,Male,Unknown,Unknown,Unknown,Unknown,Unknown,Unknown,Unknown,Unknown,Unknown
1,1,The Quarterly Journal of Austrian Economics,,https://link.springer.com/article/10.1007/s12113-998-1004-5,Murray Rothbard’s Adam Smith,March 1998,Spencer J. Pack,,,,,,,,,,Male,Unknown,Unknown,Unknown,Unknown,Unknown,Unknown,Unknown,Unknown,Unknown
1,1,The Quarterly Journal of Austrian Economics,,https://link.springer.com/article/10.1007/s12113-998-1005-4,Book reviews,March 1998,Robert Higgs,Jörg Guido Hülsmann,,,,,,,,,Male,Male,Unknown,Unknown,Unknown,Unknown,Unknown,Unknown,Unknown,Unknown
1,2,The Quarterly Journal of Austrian Economics,,https://link.springer.com/article/10.1007/s12113-998-1006-3,Monopoly prices,June 1998,Ludwig Von Mises,,,,,,,,,,Male,Unknown,Unknown,Unknown,Unknown,Unknown,Unknown,Unknown,Unknown,Unknown
1,2,The Quarterly Journal of Austrian Economics,,https://link.springer.com/article/10.1007/s12113-998-1007-2,"The impossibility of socialist economy, or, a cat cannot swim the Atlantic ocean",June 1998,Morgan O. Reynolds,,,,,,,,,,,Unknown,Unknown,Unknown,Unknown,Unknown,Unknown,Unknown,Unknown,Unknown
1,2,The Quarterly Journal of Austrian Economics,,https://link.springer.com/article/10.1007/s12113-998-1008-1,Entrepreneurship and economic growth,June 1998,Randall G. Holcombe,,,,,,,,,,Male,Unknown,Unknown,Unknown,Unknown,Unknown,Unknown,Unknown,Unknown,Unknown
1,2,The Quarterly Journal of Austrian Economics,,https://link.springer.com/article/10.1007/s12113-998-1009-0,A geographical perspective on Austrian economics,June 1998,Pierre Desrochers,,,,,,,,,,Male,Unknown,Unknown,Unknown,Unknown,Unknown,Unknown,Unknown,Unknown,Unknown
1,2,The Quarterly Journal of Austrian Economics,,https://link.springer.com/article/10.1007/s12113-998-1010-7,The recession of 1990: A comment,June 1998,Paul Cwik,,,,,,,,,,Male,Unknown,Unknown,Unknown,Unknown,Unknown,Unknown,Unknown,Unknown,Unknown
1,2,The Quarterly Journal of Austrian Economics,,https://link.springer.com/article/10.1007/s12113-998-1011-6,Book review,June 1998,Roger W. Garrison,,,,,,,,,,Male,Unknown,Unknown,Unknown,Unknown,Unknown,Unknown,Unknown,Unknown,Unknown
1,2,The Quarterly Journal of Austrian Economics,,https://link.springer.com/article/10.1007/s12113-998-1012-5,Erratum,June 1998,Hans-Hermann Hoppe,Jörg Guido,Walter Block,,,,,,,,Unknown,Male,Male,Unknown,Unknown,Unknown,Unknown,Unknown,Unknown,Unknown
1,3,The Quarterly Journal of Austrian Economics,,https://link.springer.com/article/10.1007/s12113-998-1013-4,Hayek’s money economy: The dynamics of competitive equilibrium and socio-economic order,September 1998,G. R. Steele,,,,,,,,,,Unknown,Unknown,Unknown,Unknown,Unknown,Unknown,Unknown,Unknown,Unknown,Unknown
1,3,The Quarterly Journal of Austrian Economics,,https://link.springer.com/article/10.1007/s12113-998-1014-3,Are markets like language?,September 1998,Leland B. Yeager,,,,,,,,,,Male,Unknown,Unknown,Unknown,Unknown,Unknown,Unknown,Unknown,Unknown,Unknown
1,3,The Quarterly Journal of Austrian Economics,,https://link.springer.com/article/10.1007/s12113-998-1015-2,The role of fractional-reserve banking and financial intermediation in the money supply process: Keynes and the Austrians,September 1998,John P. Cochran,Steven T. Call,,,,,,,,,Male,Male,Unknown,Unknown,Unknown,Unknown,Unknown,Unknown,Unknown,Unknown
1,3,The Quarterly Journal of Austrian Economics,,https://link.springer.com/article/10.1007/s12113-998-1016-1,Management vs. the market: An exaggerated distinction,September 1998,Don Mathews,,,,,,,,,,Male,Unknown,Unknown,Unknown,Unknown,Unknown,Unknown,Unknown,Unknown,Unknown
1,3,The Quarterly Journal of Austrian Economics,,https://link.springer.com/article/10.1007/s12113-998-1017-0,Reisman on Capitalism,September 1998,George Reisman,,,,,,,,,,Male,Unknown,Unknown,Unknown,Unknown,Unknown,Unknown,Unknown,Unknown,Unknown
1,3,The Quarterly Journal of Austrian Economics,,https://link.springer.com/article/10.1007/s12113-998-1018-z,Response to reisman on Capitalism,September 1998,Alexander Tabarrok,,,,,,,,,,Male,Unknown,Unknown,Unknown,Unknown,Unknown,Unknown,Unknown,Unknown,Unknown
1,3,The Quarterly Journal of Austrian Economics,,https://link.springer.com/article/10.1007/s12113-998-1019-y,Free banking and fractional reserves: A comment,September 1998,Pascal Salin,,,,,,,,,,Male,Unknown,Unknown,Unknown,Unknown,Unknown,Unknown,Unknown,Unknown,Unknown
1,3,The Quarterly Journal of Austrian Economics,,https://link.springer.com/article/10.1007/s12113-998-1020-5,Free banking and fractional reserves: Reply to Pascal Salin,September 1998,Jörg Guido Hülsmann,,,,,,,,,,Male,Unknown,Unknown,Unknown,Unknown,Unknown,Unknown,Unknown,Unknown,Unknown
1,3,The Quarterly Journal of Austrian Economics,,https://link.springer.com/article/10.1007/s12113-998-1021-4,Risk and business cycles: New and old Austrian perspectives,September 1998,Lawrence J. Sechrest,,,,,,,,,,Male,Unknown,Unknown,Unknown,Unknown,Unknown,Unknown,Unknown,Unknown,Unknown
1,3,The Quarterly Journal of Austrian Economics,,https://link.springer.com/article/10.1007/s12113-998-1022-3,Neoclassical microeconomic theory: The founding Austrian version,September 1998,Gregory M. Dempster,,,,,,,,,,Male,Unknown,Unknown,Unknown,Unknown,Unknown,Unknown,Unknown,Unknown,Unknown
1,3,The Quarterly Journal of Austrian Economics,,https://link.springer.com/article/10.1007/s12113-998-1023-2,"Against politics: On government, anarchy, and order",September 1998,N. Stephan Kinsella,,,,,,,,,,Unknown,Unknown,Unknown,Unknown,Unknown,Unknown,Unknown,Unknown,Unknown,Unknown
1,4,The Quarterly Journal of Austrian Economics,,https://link.springer.com/article/10.1007/s12113-998-1024-1,Toward a general theory of error cycles,December 1998,Jörg Guido Hülsmann,,,,,,,,,,Male,Unknown,Unknown,Unknown,Unknown,Unknown,Unknown,Unknown,Unknown,Unknown
1,4,The Quarterly Journal of Austrian Economics,,https://link.springer.com/article/10.1007/s12113-998-1025-0,A critical note on fractional-reserve free banking,December 1998,Jesús Huerta de Soto,,,,,,,,,,,Unknown,Unknown,Unknown,Unknown,Unknown,Unknown,Unknown,Unknown,Unknown
1,4,The Quarterly Journal of Austrian Economics,,https://link.springer.com/article/10.1007/s12113-998-1026-z,On the abuse of patents as economic indicators,December 1998,Pierre Desrochers,,,,,,,,,,Male,Unknown,Unknown,Unknown,Unknown,Unknown,Unknown,Unknown,Unknown,Unknown
1,4,The Quarterly Journal of Austrian Economics,,https://link.springer.com/article/10.1007/s12113-998-1027-y,"Child labor, family income, and the Uruguay Round",December 1998,Jim Rose,,,,,,,,,,Male,Unknown,Unknown,Unknown,Unknown,Unknown,Unknown,Unknown,Unknown,Unknown
1,4,The Quarterly Journal of Austrian Economics,,https://link.springer.com/article/10.1007/s12113-998-1028-x,Book reviews,December 1998,John P. Cochran,Randall G. Holcombe,,,,,,,,,Male,Male,Unknown,Unknown,Unknown,Unknown,Unknown,Unknown,Unknown,Unknown
2,1,The Quarterly Journal of Austrian Economics,,https://link.springer.com/article/10.1007/s12113-999-1023-x,A schumpeterian heterogeneous agent model of the Business Cycle,March 1999,Frank Schohl,,,,,,,,,,Male,Unknown,Unknown,Unknown,Unknown,Unknown,Unknown,Unknown,Unknown,Unknown
2,1,The Quarterly Journal of Austrian Economics,,https://link.springer.com/article/10.1007/s12113-999-1024-9,Does justice qualify as an economic good?: A böhm-bawerkian perspective,March 1999,Gael J. Campan,,,,,,,,,,Male,Unknown,Unknown,Unknown,Unknown,Unknown,Unknown,Unknown,Unknown,Unknown
2,1,The Quarterly Journal of Austrian Economics,,https://link.springer.com/article/10.1007/s12113-999-1025-8,The place of mises’s Human Action in the development of modern economic thought,March 1999,Joseph T. Salerno,,,,,,,,,,Male,Unknown,Unknown,Unknown,Unknown,Unknown,Unknown,Unknown,Unknown,Unknown
2,1,The Quarterly Journal of Austrian Economics,,https://link.springer.com/article/10.1007/s12113-999-1026-7,Exchange versus power: Toward a praxeological reconstruction of sociology,March 1999,Kenneth H. Mackintosh,,,,,,,,,,Male,Unknown,Unknown,Unknown,Unknown,Unknown,Unknown,Unknown,Unknown,Unknown
2,1,The Quarterly Journal of Austrian Economics,,https://link.springer.com/article/10.1007/s12113-999-1027-6,Book reviews,March 1999,Jeff Scott,Mark Thornton,Kenneth H. Mackintosh,,,,,,,,Male,Male,Male,Unknown,Unknown,Unknown,Unknown,Unknown,Unknown,Unknown
2,2,The Quarterly Journal of Austrian Economics,,https://link.springer.com/article/10.1007/s12113-999-1009-8,"Firms, strategies, and resources: Contributions from austrian economics",June 1999,Peter Lewin,Steven E. Phelan,,,,,,,,,Male,Male,Unknown,Unknown,Unknown,Unknown,Unknown,Unknown,Unknown,Unknown
2,2,The Quarterly Journal of Austrian Economics,,https://link.springer.com/article/10.1007/s12113-999-1010-2,Entrepreneurship and corporate governance,June 1999,Peter G. Klein,,,,,,,,,,Male,Unknown,Unknown,Unknown,Unknown,Unknown,Unknown,Unknown,Unknown,Unknown
2,2,The Quarterly Journal of Austrian Economics,,https://link.springer.com/article/10.1007/s12113-999-1011-1,A better red: The transition from communism to coca-cola in Romania,June 1999,Frank Hefner,Douglas Woodward,,,,,,,,,Male,Male,Unknown,Unknown,Unknown,Unknown,Unknown,Unknown,Unknown,Unknown
2,2,The Quarterly Journal of Austrian Economics,,https://link.springer.com/article/10.1007/s12113-999-1012-0,The hindenburg program of 1916: A central experiment in wartime planning,June 1999,T. Hunt Tooley,,,,,,,,,,Unknown,Unknown,Unknown,Unknown,Unknown,Unknown,Unknown,Unknown,Unknown,Unknown
2,2,The Quarterly Journal of Austrian Economics,,https://link.springer.com/article/10.1007/s12113-999-1013-z,Entrepreneurship and economic growth: Comment on holcombe,June 1999,Jörg Guido Hülsmann,,,,,,,,,,Male,Unknown,Unknown,Unknown,Unknown,Unknown,Unknown,Unknown,Unknown,Unknown
2,2,The Quarterly Journal of Austrian Economics,,https://link.springer.com/article/10.1007/s12113-999-1014-y,Economic growth and its causes: Comment on holcombe,June 1999,Frank Shostak,,,,,,,,,,Male,Unknown,Unknown,Unknown,Unknown,Unknown,Unknown,Unknown,Unknown,Unknown
2,2,The Quarterly Journal of Austrian Economics,,https://link.springer.com/article/10.1007/s12113-999-1015-x,Entrepreneurship and economic growth: Reply,June 1999,Randall G. Holcombe,,,,,,,,,,Male,Unknown,Unknown,Unknown,Unknown,Unknown,Unknown,Unknown,Unknown,Unknown
2,2,The Quarterly Journal of Austrian Economics,,https://link.springer.com/article/10.1007/s12113-999-1016-9,"The illusion of choice: How the market economy shapes our destiny. By andrew bard schmookler. Albany: State university of New York press, 1993",June 1999,Ivan Pongracic,,,,,,,,,,Male,Unknown,Unknown,Unknown,Unknown,Unknown,Unknown,Unknown,Unknown,Unknown
2,2,The Quarterly Journal of Austrian Economics,,https://link.springer.com/article/10.1007/s12113-999-1017-8,The end of money and the struggle for financial privacy,June 1999,Timothy Terrell,,,,,,,,,,Male,Unknown,Unknown,Unknown,Unknown,Unknown,Unknown,Unknown,Unknown,Unknown
2,2,The Quarterly Journal of Austrian Economics,,https://link.springer.com/article/10.1007/s12113-999-1018-7,Economics and reality,June 1999,David Gordon,,,,,,,,,,Male,Unknown,Unknown,Unknown,Unknown,Unknown,Unknown,Unknown,Unknown,Unknown
2,3,The Quarterly Journal of Austrian Economics,,https://link.springer.com/article/10.1007/s12113-999-1019-6,The origins of the federal reserve,September 1999,Murray N. Rothbard,,,,,,,,,,Male,Unknown,Unknown,Unknown,Unknown,Unknown,Unknown,Unknown,Unknown,Unknown
2,3,The Quarterly Journal of Austrian Economics,,https://link.springer.com/article/10.1007/s12113-999-1020-0,Credit creation or financial intermediation?: Fractional-reserve banking in a growing economy,September 1999,John P. Cochran,Steven T. Call,Fred R. Glahe,,,,,,,,Male,Male,Male,Unknown,Unknown,Unknown,Unknown,Unknown,Unknown,Unknown
2,3,The Quarterly Journal of Austrian Economics,,https://link.springer.com/article/10.1007/s12113-999-1021-z,"The noblest triumph: Property and prosperity through the ages. By Tom Bethell. New York: St. Martin’s press, 1998",September 1999,Walter Block,,,,,,,,,,Male,Unknown,Unknown,Unknown,Unknown,Unknown,Unknown,Unknown,Unknown,Unknown
2,3,The Quarterly Journal of Austrian Economics,,https://link.springer.com/article/10.1007/s12113-999-1022-y,Book reviews,September 1999,Dominick T. Armentano,Timothy Terrell,,,,,,,,,Male,Male,Unknown,Unknown,Unknown,Unknown,Unknown,Unknown,Unknown,Unknown
2,4,The Quarterly Journal of Austrian Economics,,https://link.springer.com/article/10.1007/s12113-999-1028-5,Economic science and neoclassicism,December 1999,Jörg Guido Hülsmann,,,,,,,,,,Male,Unknown,Unknown,Unknown,Unknown,Unknown,Unknown,Unknown,Unknown,Unknown
2,4,The Quarterly Journal of Austrian Economics,,https://link.springer.com/article/10.1007/s12113-999-1029-4,Austrian theorizing: Recalling the foundations,December 1999,Walter Block,,,,,,,,,,Male,Unknown,Unknown,Unknown,Unknown,Unknown,Unknown,Unknown,Unknown,Unknown
2,4,The Quarterly Journal of Austrian Economics,,https://link.springer.com/article/10.1007/s12113-999-1030-y,A pre-history of misesian calculation: The contribution of adolphe thiers,December 1999,Reinhard Stiebler,,,,,,,,,,Male,Unknown,Unknown,Unknown,Unknown,Unknown,Unknown,Unknown,Unknown,Unknown
2,4,The Quarterly Journal of Austrian Economics,,https://link.springer.com/article/10.1007/s12113-999-1031-x,"Knowledge, calculation, conflict, and law",December 1999,N. Stephan Kinsella,,,,,,,,,,Unknown,Unknown,Unknown,Unknown,Unknown,Unknown,Unknown,Unknown,Unknown,Unknown
2,4,The Quarterly Journal of Austrian Economics,,https://link.springer.com/article/10.1007/s12113-999-1032-9,Austrians and post keynesians: The questions of ignorance and uncertainty,December 1999,Gregory M. Dempster,,,,,,,,,,Male,Unknown,Unknown,Unknown,Unknown,Unknown,Unknown,Unknown,Unknown,Unknown
2,4,The Quarterly Journal of Austrian Economics,,https://link.springer.com/article/10.1007/s12113-999-1033-8,Book Reviews,December 1999,Thomas J. DiLorenzo,Laurent Carnis,William Anderson,,,,,,,,Male,Male,Male,Unknown,Unknown,Unknown,Unknown,Unknown,Unknown,Unknown
3,1,The Quarterly Journal of Austrian Economics,,https://link.springer.com/article/10.1007/s12113-000-1006-4,Editorial,March 2000,Joseph T. Salerno,,,,,,,,,,Male,Unknown,Unknown,Unknown,Unknown,Unknown,Unknown,Unknown,Unknown,Unknown
3,1,The Quarterly Journal of Austrian Economics,,https://link.springer.com/article/10.1007/s12113-000-1007-3,Human action and socially-optimal conservation: A misesian inquiry into the hotelling principle,March 2000,John Brätland,,,,,,,,,,Male,Unknown,Unknown,Unknown,Unknown,Unknown,Unknown,Unknown,Unknown,Unknown
3,1,The Quarterly Journal of Austrian Economics,,https://link.springer.com/article/10.1007/s12113-000-1008-2,The equations of mathematical economics and the problem of economic calculation in a socialist state,March 2000,Ludwig von Mises,,,,,,,,,,Male,Unknown,Unknown,Unknown,Unknown,Unknown,Unknown,Unknown,Unknown,Unknown
3,1,The Quarterly Journal of Austrian Economics,,https://link.springer.com/article/10.1007/s12113-000-1009-1,"The austrian market share in the marketplace for ideas, 1871–2025",March 2000,Richard Vedder,Lowell Gallaway,,,,,,,,,Male,Male,Unknown,Unknown,Unknown,Unknown,Unknown,Unknown,Unknown,Unknown
3,1,The Quarterly Journal of Austrian Economics,,https://link.springer.com/article/10.1007/s12113-000-1010-8,On secondhandism and scientific appraisal,March 2000,David N. Laband,Robert D. Tollison,,,,,,,,,Male,Male,Unknown,Unknown,Unknown,Unknown,Unknown,Unknown,Unknown,Unknown
3,1,The Quarterly Journal of Austrian Economics,,https://link.springer.com/article/10.1007/s12113-000-1011-7,Against mistaken moralizing,March 2000,Leland B. Yeager,,,,,,,,,,Male,Unknown,Unknown,Unknown,Unknown,Unknown,Unknown,Unknown,Unknown,Unknown
3,1,The Quarterly Journal of Austrian Economics,,https://link.springer.com/article/10.1007/s12113-000-1012-6,Misesian economics and the response to a price change,March 2000,Rodolfo A. Gonzalez,,,,,,,,,,Male,Unknown,Unknown,Unknown,Unknown,Unknown,Unknown,Unknown,Unknown,Unknown
3,1,The Quarterly Journal of Austrian Economics,,https://link.springer.com/article/10.1007/s12113-000-1013-5,In defense of fundamental analysis: securities arbitrage and the efficient market theory,March 2000,Greg Kaza,,,,,,,,,,Male,Unknown,Unknown,Unknown,Unknown,Unknown,Unknown,Unknown,Unknown,Unknown
3,1,The Quarterly Journal of Austrian Economics,,https://link.springer.com/article/10.1007/s12113-000-1014-4,"Private-property rights, erroneous interpretations, morality, and economics: Reply to demsetz",March 2000,Walter Block,,,,,,,,,,Male,Unknown,Unknown,Unknown,Unknown,Unknown,Unknown,Unknown,Unknown,Unknown
3,1,The Quarterly Journal of Austrian Economics,,https://link.springer.com/article/10.1007/s12113-000-1015-3,"Post-Modern Economics: The Return of Depression Economics. By Paul Krugman. New York: W.W. Norton and company, 1999",March 2000,Shawn Ritenour,,,,,,,,,,,Unknown,Unknown,Unknown,Unknown,Unknown,Unknown,Unknown,Unknown,Unknown
3,1,The Quarterly Journal of Austrian Economics,,https://link.springer.com/article/10.1007/s12113-000-1016-2,Book reviews,March 2000,Jörg Guido Hülsmann,David Gordon,,,,,,,,,Male,Male,Unknown,Unknown,Unknown,Unknown,Unknown,Unknown,Unknown,Unknown
3,2,The Quarterly Journal of Austrian Economics,,https://link.springer.com/article/10.1007/s12113-000-1000-x,Current developments in cost accounting and the dynamics of economic calculation,June 2000,Thomas C. Taylor,,,,,,,,,,Male,Unknown,Unknown,Unknown,Unknown,Unknown,Unknown,Unknown,Unknown,Unknown
3,2,The Quarterly Journal of Austrian Economics,,https://link.springer.com/article/10.1007/s12113-000-1001-9,"“Radical subjectivism”: Not radical, not subjectivist",June 2000,John O’Neill,,,,,,,,,,Male,Unknown,Unknown,Unknown,Unknown,Unknown,Unknown,Unknown,Unknown,Unknown
3,2,The Quarterly Journal of Austrian Economics,,https://link.springer.com/article/10.1007/s12113-000-1002-8,Austrian economics and the mainstream: View from the boundary,June 2000,Roger E. Backhouse,,,,,,,,,,Male,Unknown,Unknown,Unknown,Unknown,Unknown,Unknown,Unknown,Unknown,Unknown
3,2,The Quarterly Journal of Austrian Economics,,https://link.springer.com/article/10.1007/s12113-000-1003-7,"Austrian journals: A critique of rosen, yeager, laband and tollison, and vedder and gallaway",June 2000,Walter Block,,,,,,,,,,Male,Unknown,Unknown,Unknown,Unknown,Unknown,Unknown,Unknown,Unknown,Unknown
3,2,The Quarterly Journal of Austrian Economics,,https://link.springer.com/article/10.1007/s12113-000-1004-6,The drama revisited,June 2000,Ludwig Van Den Hauwe,,,,,,,,,,Male,Unknown,Unknown,Unknown,Unknown,Unknown,Unknown,Unknown,Unknown,Unknown
3,2,The Quarterly Journal of Austrian Economics,,https://link.springer.com/article/10.1007/s12113-000-1005-5,Book reviews,June 2000,David Gordon,Jörg Guido Hülsmann,Mark Thornton,,,,,,,,Male,Male,Male,Unknown,Unknown,Unknown,Unknown,Unknown,Unknown,Unknown
3,3,The Quarterly Journal of Austrian Economics,,https://link.springer.com/article/10.1007/s12113-000-1017-1,The goal of monetary reform,September 2000,George Reisman,,,,,,,,,,Male,Unknown,Unknown,Unknown,Unknown,Unknown,Unknown,Unknown,Unknown,Unknown
3,3,The Quarterly Journal of Austrian Economics,,https://link.springer.com/article/10.1007/s12113-000-1018-0,The fraud of macroeconomic stabilization policy,September 2000,Lowell Gallaway,Richard Vedder,,,,,,,,,Male,Male,Unknown,Unknown,Unknown,Unknown,Unknown,Unknown,Unknown,Unknown
3,3,The Quarterly Journal of Austrian Economics,,https://link.springer.com/article/10.1007/s12113-000-1019-z,Free banking and credit creation: Implications for business cycle theory,September 2000,John P. Cochran,Steven T. Call,,,,,,,,,Male,Male,Unknown,Unknown,Unknown,Unknown,Unknown,Unknown,Unknown,Unknown
3,3,The Quarterly Journal of Austrian Economics,,https://link.springer.com/article/10.1007/s12113-000-1020-6,The tactics of secondhandism,September 2000,Leland B. Yeager,,,,,,,,,,Male,Unknown,Unknown,Unknown,Unknown,Unknown,Unknown,Unknown,Unknown,Unknown
3,3,The Quarterly Journal of Austrian Economics,,https://link.springer.com/article/10.1007/s12113-000-1021-5,Austrian economics and the “market test”: A comment on laband and tollison,September 2000,William L. Anderson,,,,,,,,,,Male,Unknown,Unknown,Unknown,Unknown,Unknown,Unknown,Unknown,Unknown,Unknown
3,3,The Quarterly Journal of Austrian Economics,,https://link.springer.com/article/10.1007/s12113-000-1022-4,Rothbard on money: A critical textual exegesis,September 2000,Salim Rashid,,,,,,,,,,Male,Unknown,Unknown,Unknown,Unknown,Unknown,Unknown,Unknown,Unknown,Unknown
3,3,The Quarterly Journal of Austrian Economics,,https://link.springer.com/article/10.1007/s12113-000-1023-3,Comment on rashid’s “rothbard on money: A critical textual exegesis”,September 2000,Robert Batemarco,,,,,,,,,,Male,Unknown,Unknown,Unknown,Unknown,Unknown,Unknown,Unknown,Unknown,Unknown
3,3,The Quarterly Journal of Austrian Economics,,https://link.springer.com/article/10.1007/s12113-000-1024-2,Book reviews,September 2000,Roger W. Garrison,Gregory Dempster,,,,,,,,,Male,Male,Unknown,Unknown,Unknown,Unknown,Unknown,Unknown,Unknown,Unknown
3,4,The Quarterly Journal of Austrian Economics,,https://link.springer.com/article/10.1007/s12113-000-1025-1,A realist approach to equilibrium analysis,December 2000,Jörg Guido Hülsmann,,,,,,,,,,Male,Unknown,Unknown,Unknown,Unknown,Unknown,Unknown,Unknown,Unknown,Unknown
3,4,The Quarterly Journal of Austrian Economics,,https://link.springer.com/article/10.1007/s12113-000-1026-0,Are MMMFs money?,December 2000,Jeff Haymond,,,,,,,,,,Male,Unknown,Unknown,Unknown,Unknown,Unknown,Unknown,Unknown,Unknown,Unknown
3,4,The Quarterly Journal of Austrian Economics,,https://link.springer.com/article/10.1007/s12113-000-1027-z,The mystery of the money supply definition,December 2000,Frank Shostak,,,,,,,,,,Male,Unknown,Unknown,Unknown,Unknown,Unknown,Unknown,Unknown,Unknown,Unknown
3,4,The Quarterly Journal of Austrian Economics,,https://link.springer.com/article/10.1007/s12113-000-1028-y,Manuel castells and the decline of twentieth-century sociology,December 2000,William R. Anderson,,,,,,,,,,Male,Unknown,Unknown,Unknown,Unknown,Unknown,Unknown,Unknown,Unknown,Unknown
3,4,The Quarterly Journal of Austrian Economics,,https://link.springer.com/article/10.1007/s12113-000-1029-x,Book reviews,December 2000,Robert Higgs,Mark Thornton,,,,,,,,,Male,Male,Unknown,Unknown,Unknown,Unknown,Unknown,Unknown,Unknown,Unknown
4,1,The Quarterly Journal of Austrian Economics,,https://link.springer.com/article/10.1007/s12113-001-1000-5,"Financial cycles, business activity, and the stock market",March 2001,A. P. Mueller,,,,,,,,,,Unknown,Unknown,Unknown,Unknown,Unknown,Unknown,Unknown,Unknown,Unknown,Unknown
4,1,The Quarterly Journal of Austrian Economics,,https://link.springer.com/article/10.1007/s12113-001-1001-4,The “Confederate” blockade of the south,March 2001,Robert B. Ekelund,Mark Thornton,,,,,,,,,Male,Male,Unknown,Unknown,Unknown,Unknown,Unknown,Unknown,Unknown,Unknown
4,1,The Quarterly Journal of Austrian Economics,,https://link.springer.com/article/10.1007/s12113-001-1002-3,The uneasy case for degressive taxation: A critique of Blum and Kalven,March 2001,Murray N. Rothbard,,,,,,,,,,Male,Unknown,Unknown,Unknown,Unknown,Unknown,Unknown,Unknown,Unknown,Unknown
4,1,The Quarterly Journal of Austrian Economics,,https://link.springer.com/article/10.1007/s12113-001-1003-2,"Yes, we have no chaff: A reply to Wagner’s “Austrian cycle theory: Saving the wheat while discarding the chaff”",March 2001,Walter Block,,,,,,,,,,Male,Unknown,Unknown,Unknown,Unknown,Unknown,Unknown,Unknown,Unknown,Unknown
4,1,The Quarterly Journal of Austrian Economics,,https://link.springer.com/article/10.1007/s12113-001-1004-1,Book reviews,March 2001,Peter Lewin,Richard Vedder,Robert P. Murphy,,,,,,,,Male,Male,Male,Unknown,Unknown,Unknown,Unknown,Unknown,Unknown,Unknown
5,1,The Quarterly Journal of Austrian Economics,,https://link.springer.com/article/10.1007/s12113-002-1015-6,Can agency theory justify the regulation of insider trading?,March 2002,Alexandre Padilla,,,,,,,,,,Male,Unknown,Unknown,Unknown,Unknown,Unknown,Unknown,Unknown,Unknown,Unknown
5,1,The Quarterly Journal of Austrian Economics,,https://link.springer.com/article/10.1007/s12113-002-1016-5,"Ownership, scarcity, and economic decision making",March 2002,Dan Mahoney,,,,,,,,,,Male,Unknown,Unknown,Unknown,Unknown,Unknown,Unknown,Unknown,Unknown,Unknown
5,1,The Quarterly Journal of Austrian Economics,,https://link.springer.com/article/10.1007/s12113-002-1017-4,The impact of transfer payments on economic growth: John Stuart mill versus Ludwig Von Mises,March 2002,Lowell Gallaway,Richard Vedder,,,,,,,,,Male,Male,Unknown,Unknown,Unknown,Unknown,Unknown,Unknown,Unknown,Unknown
5,1,The Quarterly Journal of Austrian Economics,,https://link.springer.com/article/10.1007/s12113-002-1018-3,Ludwig Von Mises on the gold standard and free banking,March 2002,Jeffrey M. Herbener,,,,,,,,,,Male,Unknown,Unknown,Unknown,Unknown,Unknown,Unknown,Unknown,Unknown,Unknown
5,1,The Quarterly Journal of Austrian Economics,,https://link.springer.com/article/10.1007/s12113-002-1019-2,Book reviews,March 2002,G. R. Steele,Walter Block,,,,,,,,,Unknown,Male,Unknown,Unknown,Unknown,Unknown,Unknown,Unknown,Unknown,Unknown
5,2,The Quarterly Journal of Austrian Economics,,https://link.springer.com/article/10.1007/s12113-002-1009-4,Environmentalism in the light of Menger and Mises,June 2002,George Reisman,,,,,,,,,,Male,Unknown,Unknown,Unknown,Unknown,Unknown,Unknown,Unknown,Unknown,Unknown
5,2,The Quarterly Journal of Austrian Economics,,https://link.springer.com/article/10.1007/s12113-002-1010-y,A Hayekian analysis of the term structure of production,June 2002,Robert F. Mulligan,,,,,,,,,,Male,Unknown,Unknown,Unknown,Unknown,Unknown,Unknown,Unknown,Unknown,Unknown
5,2,The Quarterly Journal of Austrian Economics,,https://link.springer.com/article/10.1007/s12113-002-1011-x,Explaining Japan’s recession,June 2002,Benjamin Powell,,,,,,,,,,Male,Unknown,Unknown,Unknown,Unknown,Unknown,Unknown,Unknown,Unknown,Unknown
5,2,The Quarterly Journal of Austrian Economics,,https://link.springer.com/article/10.1007/s12113-002-1012-9,"Austrian economics, neoclassical economics, marketing, and finance",June 2002,Walter Block,William Barnett,Stuart Wood,,,,,,,,Male,Male,Male,Unknown,Unknown,Unknown,Unknown,Unknown,Unknown,Unknown
5,2,The Quarterly Journal of Austrian Economics,,https://link.springer.com/article/10.1007/s12113-002-1013-8,Principles of economics: An Austrian critique,June 2002,Munir Quddus,Joseph Horton,,,,,,,,,Male,Male,Unknown,Unknown,Unknown,Unknown,Unknown,Unknown,Unknown,Unknown
5,2,The Quarterly Journal of Austrian Economics,,https://link.springer.com/article/10.1007/s12113-002-1014-7,Commerce and government: Considered in their mutual relationship,June 2002,Jörg Guido Hülsmann,William L. Anderson,Laurent Carnis,,,,,,,,Male,Male,Male,Unknown,Unknown,Unknown,Unknown,Unknown,Unknown,Unknown
5,3,The Quarterly Journal of Austrian Economics,,https://link.springer.com/article/10.1007/s12113-002-1027-2,"Learning from the past: The continuing relevance of hayek, böhm-bawerk, and bastiat",September 2002,Joseph T. Salerno,Jeffrey M. Herbener,,,,,,,,,Male,Male,Unknown,Unknown,Unknown,Unknown,Unknown,Unknown,Unknown,Unknown
5,3,The Quarterly Journal of Austrian Economics,,https://link.springer.com/article/10.1007/s12113-002-1028-1,Notes on the translation of F.A. Hayek’s “competition as a discovery procedure”,September 2002,Marcellus S. Snow,,,,,,,,,,Male,Unknown,Unknown,Unknown,Unknown,Unknown,Unknown,Unknown,Unknown,Unknown
5,3,The Quarterly Journal of Austrian Economics,,https://link.springer.com/article/10.1007/s12113-002-1029-0,Competition as a discovery procedure,September 2002,Marcellus S. Snow,,,,,,,,,,Male,Unknown,Unknown,Unknown,Unknown,Unknown,Unknown,Unknown,Unknown,Unknown
5,3,The Quarterly Journal of Austrian Economics,,https://link.springer.com/article/10.1007/s12113-002-1030-7,"Eugen von Böhm-Bawerk’s “Value, Cost, and Marginal Utility”: Notes on the translation",September 2002,George Reisman,,,,,,,,,,Male,Unknown,Unknown,Unknown,Unknown,Unknown,Unknown,Unknown,Unknown,Unknown
5,3,The Quarterly Journal of Austrian Economics,,https://link.springer.com/article/10.1007/s12113-002-1031-6,"Value, cost, and marginal utility",September 2002,Eugen von Böhm-Bawerk,,,,,,,,,,Male,Unknown,Unknown,Unknown,Unknown,Unknown,Unknown,Unknown,Unknown,Unknown
5,3,The Quarterly Journal of Austrian Economics,,https://link.springer.com/article/10.1007/s12113-002-1032-5,Frédéric bastiat’s views on the nature of money,September 2002,Mark Thornton,,,,,,,,,,Male,Unknown,Unknown,Unknown,Unknown,Unknown,Unknown,Unknown,Unknown,Unknown
5,3,The Quarterly Journal of Austrian Economics,,https://link.springer.com/article/10.1007/s12113-002-1033-4,What is money?,September 2002,Frédéric Bastiat,,,,,,,,,,Male,Unknown,Unknown,Unknown,Unknown,Unknown,Unknown,Unknown,Unknown,Unknown
5,4,The Quarterly Journal of Austrian Economics,,https://link.springer.com/article/10.1007/s12113-002-1000-0,Editorial,December 2002,Joseph T. Salerno,Jeffrey M. Herbener,,,,,,,,,Male,Male,Unknown,Unknown,Unknown,Unknown,Unknown,Unknown,Unknown,Unknown
5,4,The Quarterly Journal of Austrian Economics,,https://link.springer.com/article/10.1007/s12113-002-1001-z,After the Age of inflation: Austrian proposals for monetary reform,December 2002,Jefferey M. Herbener,,,,,,,,,,Unknown,Unknown,Unknown,Unknown,Unknown,Unknown,Unknown,Unknown,Unknown,Unknown
5,4,The Quarterly Journal of Austrian Economics,,https://link.springer.com/article/10.1007/s12113-002-1002-y,Before and after the euro: Strategies for sound money in the 21st century,December 2002,Philippe Nataf,,,,,,,,,,Male,Unknown,Unknown,Unknown,Unknown,Unknown,Unknown,Unknown,Unknown,Unknown
5,4,The Quarterly Journal of Austrian Economics,,https://link.springer.com/article/10.1007/s12113-002-1003-x,Relevance as a virtue in economics,December 2002,Peter J. Boettke,,,,,,,,,,Male,Unknown,Unknown,Unknown,Unknown,Unknown,Unknown,Unknown,Unknown,Unknown
5,4,The Quarterly Journal of Austrian Economics,,https://link.springer.com/article/10.1007/s12113-002-1004-9,Do free-market economists practice what they teach?,December 2002,Sanford Ikeda,,,,,,,,,,Male,Unknown,Unknown,Unknown,Unknown,Unknown,Unknown,Unknown,Unknown,Unknown
5,4,The Quarterly Journal of Austrian Economics,,https://link.springer.com/article/10.1007/s12113-002-1005-8,The 1866 false-money debate in the journal des economistes: Déjà Vu for Austrians?,December 2002,Oskari Juurikkala,,,,,,,,,,Male,Unknown,Unknown,Unknown,Unknown,Unknown,Unknown,Unknown,Unknown,Unknown
5,4,The Quarterly Journal of Austrian Economics,,https://link.springer.com/article/10.1007/s12113-002-1006-7,The case against currency boards,December 2002,Nikolay Gertchev,,,,,,,,,,Male,Unknown,Unknown,Unknown,Unknown,Unknown,Unknown,Unknown,Unknown,Unknown
5,4,The Quarterly Journal of Austrian Economics,,https://link.springer.com/article/10.1007/s12113-002-1007-6,A theory of interest,December 2002,Jörg Guido Hülsmann,,,,,,,,,,Male,Unknown,Unknown,Unknown,Unknown,Unknown,Unknown,Unknown,Unknown,Unknown
5,4,The Quarterly Journal of Austrian Economics,,https://link.springer.com/article/10.1007/s12113-002-1008-5,The rebirth of austrian economics—in light of austrian economics,December 2002,Joseph T. Salerno,,,,,,,,,,Male,Unknown,Unknown,Unknown,Unknown,Unknown,Unknown,Unknown,Unknown,Unknown
6,1,The Quarterly Journal of Austrian Economics,,https://link.springer.com/article/10.1007/s12113-003-1010-6,Resource allocation: A hayekian paradigm for maritime conglomerates,March 2003,Gary A. Lombardo,Robert F. Mulligan,,,,,,,,,Male,Male,Unknown,Unknown,Unknown,Unknown,Unknown,Unknown,Unknown,Unknown
6,1,The Quarterly Journal of Austrian Economics,,https://link.springer.com/article/10.1007/s12113-003-1011-5,Pounding square pegs into round holes: Another look at the neoclassical theory of predatory pricing,March 2003,William L. Anderson,,,,,,,,,,Male,Unknown,Unknown,Unknown,Unknown,Unknown,Unknown,Unknown,Unknown,Unknown
6,1,The Quarterly Journal of Austrian Economics,,https://link.springer.com/article/10.1007/s12113-003-1012-4,The modern theory of consumer behavior: Ordinal or cardinal?,March 2003,William Barnett,,,,,,,,,,Male,Unknown,Unknown,Unknown,Unknown,Unknown,Unknown,Unknown,Unknown,Unknown
6,1,The Quarterly Journal of Austrian Economics,,https://link.springer.com/article/10.1007/s12113-003-1013-3,Austrian business cycle theory: Variations on a theme,March 2003,John P. Cochran,Steven T. Call,Fred R. Glahe,,,,,,,,Male,Male,Male,Unknown,Unknown,Unknown,Unknown,Unknown,Unknown,Unknown
6,1,The Quarterly Journal of Austrian Economics,,https://link.springer.com/article/10.1007/s12113-003-1014-2,"A perilous progress: Economists and public purpose in twentieth-century america. By Michael A. Bernstein. Princeton, N.J.: Princeton university press, 2001",March 2003,Sam Bostaph,,,,,,,,,,,Unknown,Unknown,Unknown,Unknown,Unknown,Unknown,Unknown,Unknown,Unknown
6,1,The Quarterly Journal of Austrian Economics,,https://link.springer.com/article/10.1007/s12113-003-1015-1,"Smarter growth: Market-based strategies for land-use planning in the 21st century. Edited by Randall G. Holcombe and Samuel R. Staley. Westport, Conn.: Greenwood publishing, 2001",March 2003,Michael R. Montgomery,,,,,,,,,,Male,Unknown,Unknown,Unknown,Unknown,Unknown,Unknown,Unknown,Unknown,Unknown
6,1,The Quarterly Journal of Austrian Economics,,https://link.springer.com/article/10.1007/s12113-003-1016-0,"Ethics as social science: The moral philosophy of social cooperation. By Leland B. Yeager. Cheltenham, U.K. and Northhampton, Mass.: Edward Elgar, 2001",March 2003,Roderick T. Long,,,,,,,,,,Male,Unknown,Unknown,Unknown,Unknown,Unknown,Unknown,Unknown,Unknown,Unknown
6,2,The Quarterly Journal of Austrian Economics,,https://link.springer.com/article/10.1007/s12113-003-1017-z,Wieser on economic calculation under socialism,June 2003,Samuel Bostaph,,,,,,,,,,Male,Unknown,Unknown,Unknown,Unknown,Unknown,Unknown,Unknown,Unknown,Unknown
6,2,The Quarterly Journal of Austrian Economics,,https://link.springer.com/article/10.1007/s12113-003-1018-y,The viennese connection: Alfred schutz and the Austrian school,June 2003,Peter Kurrild-Klitgaard,,,,,,,,,,Male,Unknown,Unknown,Unknown,Unknown,Unknown,Unknown,Unknown,Unknown,Unknown
6,2,The Quarterly Journal of Austrian Economics,,https://link.springer.com/article/10.1007/s12113-003-1019-x,Does austrian business cycle theory help explain the dot-com boom and bust?,June 2003,Gene Callahan,Roger Garrison,,,,,,,,,,Male,Unknown,Unknown,Unknown,Unknown,Unknown,Unknown,Unknown,Unknown
6,2,The Quarterly Journal of Austrian Economics,,https://link.springer.com/article/10.1007/s12113-003-1020-4,Book reviews,June 2003,David Gordon,Shawn Ritenour,,,,,,,,,Male,,Unknown,Unknown,Unknown,Unknown,Unknown,Unknown,Unknown,Unknown
6,3,The Quarterly Journal of Austrian Economics,,https://link.springer.com/article/10.1007/s12113-003-1021-3,Progress and entrepreneurship,September 2003,Randall G. Holcombe,,,,,,,,,,Male,Unknown,Unknown,Unknown,Unknown,Unknown,Unknown,Unknown,Unknown,Unknown
6,3,The Quarterly Journal of Austrian Economics,,https://link.springer.com/article/10.1007/s12113-003-1022-2,Dimensions and economics: Some problems,September 2003,William Barnett,,,,,,,,,,Male,Unknown,Unknown,Unknown,Unknown,Unknown,Unknown,Unknown,Unknown,Unknown
6,3,The Quarterly Journal of Austrian Economics,,https://link.springer.com/article/10.1007/s12113-003-1023-1,A critique of mises’s theory of monopoly prices,September 2003,Diana Costea,,,,,,,,,,Female,Unknown,Unknown,Unknown,Unknown,Unknown,Unknown,Unknown,Unknown,Unknown
6,3,The Quarterly Journal of Austrian Economics,,https://link.springer.com/article/10.1007/s12113-003-1024-0,"Realism: Austrian vs. Neoclassical Economics, Reply to Caplan",September 2003,Walter Block,,,,,,,,,,Male,Unknown,Unknown,Unknown,Unknown,Unknown,Unknown,Unknown,Unknown,Unknown
6,3,The Quarterly Journal of Austrian Economics,,https://link.springer.com/article/10.1007/s12113-003-1025-z,Probability and the synthetic a Priori: A reply to block,September 2003,Bryan Caplan,,,,,,,,,,Male,Unknown,Unknown,Unknown,Unknown,Unknown,Unknown,Unknown,Unknown,Unknown
6,3,The Quarterly Journal of Austrian Economics,,https://link.springer.com/article/10.1007/s12113-003-1026-y,"Liberty and hard cases. By Tibor Machan. Stanford, Calif.: Hoover Institution Press, 2002",September 2003,Dan Mahoney,,,,,,,,,,Male,Unknown,Unknown,Unknown,Unknown,Unknown,Unknown,Unknown,Unknown,Unknown
6,3,The Quarterly Journal of Austrian Economics,,https://link.springer.com/article/10.1007/s12113-003-1027-x,Book reviews,September 2003,Carole E. Scott,Richard C. Grimm,,,,,,,,,Female,Male,Unknown,Unknown,Unknown,Unknown,Unknown,Unknown,Unknown,Unknown
6,4,The Quarterly Journal of Austrian Economics,,https://link.springer.com/article/10.1007/s12113-003-1000-8,Editorial,December 2003,Guido Hülsmann,,,,,,,,,,Male,Unknown,Unknown,Unknown,Unknown,Unknown,Unknown,Unknown,Unknown,Unknown
6,4,The Quarterly Journal of Austrian Economics,,https://link.springer.com/article/10.1007/s12113-003-1001-7,Apoplithorismosphobia,December 2003,Mark Thornton,,,,,,,,,,Male,Unknown,Unknown,Unknown,Unknown,Unknown,Unknown,Unknown,Unknown,Unknown
6,4,The Quarterly Journal of Austrian Economics,,https://link.springer.com/article/10.1007/s12113-003-1002-6,Deflation: When Austrians become interventionists,December 2003,Philipp Bagus,,,,,,,,,,Male,Unknown,Unknown,Unknown,Unknown,Unknown,Unknown,Unknown,Unknown,Unknown
6,4,The Quarterly Journal of Austrian Economics,,https://link.springer.com/article/10.1007/s12113-003-1003-5,Optimal monetary policy,December 2003,Jörg Guido Hülsmann,,,,,,,,,,Male,Unknown,Unknown,Unknown,Unknown,Unknown,Unknown,Unknown,Unknown,Unknown
6,4,The Quarterly Journal of Austrian Economics,,https://link.springer.com/article/10.1007/s12113-003-1004-4,Optimal monetary policy: A new keynesian view,December 2003,Guido Zimmermann,,,,,,,,,,Male,Unknown,Unknown,Unknown,Unknown,Unknown,Unknown,Unknown,Unknown,Unknown
6,4,The Quarterly Journal of Austrian Economics,,https://link.springer.com/article/10.1007/s12113-003-1005-3,New keynesian monetary views: A comment,December 2003,Jörg Guido Hülsmann,,,,,,,,,,Male,Unknown,Unknown,Unknown,Unknown,Unknown,Unknown,Unknown,Unknown,Unknown
6,4,The Quarterly Journal of Austrian Economics,,https://link.springer.com/article/10.1007/s12113-003-1006-2,Austrian monetary policy views: A short critique,December 2003,Guido Zimmermann,,,,,,,,,,Male,Unknown,Unknown,Unknown,Unknown,Unknown,Unknown,Unknown,Unknown,Unknown
6,4,The Quarterly Journal of Austrian Economics,,https://link.springer.com/article/10.1007/s12113-003-1007-1,An Austrian taxonomy of deflation—with applications to the U.S.,December 2003,Joseph T. Salerno,,,,,,,,,,Male,Unknown,Unknown,Unknown,Unknown,Unknown,Unknown,Unknown,Unknown,Unknown
6,4,The Quarterly Journal of Austrian Economics,,https://link.springer.com/article/10.1007/s12113-003-1008-0,Deflation teaser? Klondike bars and the golden 90s in Canada,December 2003,Mark Thornton,,,,,,,,,,Male,Unknown,Unknown,Unknown,Unknown,Unknown,Unknown,Unknown,Unknown,Unknown
6,4,The Quarterly Journal of Austrian Economics,,https://link.springer.com/article/10.1007/s12113-003-1009-z,The case for gold,December 2003,Nikolay Gertchev,,,,,,,,,,Male,Unknown,Unknown,Unknown,Unknown,Unknown,Unknown,Unknown,Unknown,Unknown
7,1,The Quarterly Journal of Austrian Economics,,https://link.springer.com/article/10.1007/s12113-004-1031-9,Toward an austrian theory of environmental economics,March 2004,Roy Cordato,,,,,,,,,,Male,Unknown,Unknown,Unknown,Unknown,Unknown,Unknown,Unknown,Unknown,Unknown
7,1,The Quarterly Journal of Austrian Economics,,https://link.springer.com/article/10.1007/s12113-004-1032-8,"Capital, monetary calculation, and the trade cycle: The importance of sound money",March 2004,John P. Cochran,,,,,,,,,,Male,Unknown,Unknown,Unknown,Unknown,Unknown,Unknown,Unknown,Unknown,Unknown
7,1,The Quarterly Journal of Austrian Economics,,https://link.springer.com/article/10.1007/s12113-004-1033-7,The hayek and mises controversy: Bridging differences,March 2004,Odd J. Stalebrink,,,,,,,,,,Male,Unknown,Unknown,Unknown,Unknown,Unknown,Unknown,Unknown,Unknown,Unknown
7,1,The Quarterly Journal of Austrian Economics,,https://link.springer.com/article/10.1007/s12113-004-1034-6,On the optimum quantity of money,March 2004,William Barnett,Walter Block,,,,,,,,,Male,Male,Unknown,Unknown,Unknown,Unknown,Unknown,Unknown,Unknown,Unknown
7,1,The Quarterly Journal of Austrian Economics,,https://link.springer.com/article/10.1007/s12113-004-1035-5,Conglomerates and economic calculation,March 2004,Yoong-Deok Jeon,Young-Yong Kim,,,,,,,,,Unknown,Unknown,Unknown,Unknown,Unknown,Unknown,Unknown,Unknown,Unknown,Unknown
7,1,The Quarterly Journal of Austrian Economics,,https://link.springer.com/article/10.1007/s12113-004-1036-4,"Towards a new socialism? By W. Paul Cockshott and Allin F. Cottrell. Nottingham, U.K.: Spokesman books, 1993",March 2004,Len Brewster,,,,,,,,,,Male,Unknown,Unknown,Unknown,Unknown,Unknown,Unknown,Unknown,Unknown,Unknown
7,1,The Quarterly Journal of Austrian Economics,,https://link.springer.com/article/10.1007/s12113-004-1037-3,Book reviews,March 2004,Randall G. Holcombe,Robert F. Mulligan,Ivan Pongracic,,,,,,,,Male,Male,Male,Unknown,Unknown,Unknown,Unknown,Unknown,Unknown,Unknown
7,1,The Quarterly Journal of Austrian Economics,,https://link.springer.com/article/10.1007/s12113-004-1038-2,Dimensions and economics: Some problems,March 2004,William Barnett,,,,,,,,,,Male,Unknown,Unknown,Unknown,Unknown,Unknown,Unknown,Unknown,Unknown,Unknown
7,2,The Quarterly Journal of Austrian Economics,,https://link.springer.com/article/10.1007/s12113-004-1044-4,Public goods and private solutions in maritime history,June 2004,Larry Sechrest,,,,,,,,,,Male,Unknown,Unknown,Unknown,Unknown,Unknown,Unknown,Unknown,Unknown,Unknown
7,2,The Quarterly Journal of Austrian Economics,,https://link.springer.com/article/10.1007/s12113-004-1045-3,The failure of OCA analysis,June 2004,Bogdan GlĂvan,,,,,,,,,,Male,Unknown,Unknown,Unknown,Unknown,Unknown,Unknown,Unknown,Unknown,Unknown
7,2,The Quarterly Journal of Austrian Economics,,https://link.springer.com/article/10.1007/s12113-004-1046-2,Interpreting Caritas: Did Frank Knight and Ludwig von Mises get it wrong?,June 2004,W. Duncan Reekie,,,,,,,,,,Unknown,Unknown,Unknown,Unknown,Unknown,Unknown,Unknown,Unknown,Unknown,Unknown
7,2,The Quarterly Journal of Austrian Economics,,https://link.springer.com/article/10.1007/s12113-004-1047-1,The forgotten contribution: Murray rothbard on socialism in theory and in practice,June 2004,Peter Boettke,Christopher Coyne,,,,,,,,,Male,Male,Unknown,Unknown,Unknown,Unknown,Unknown,Unknown,Unknown,Unknown
7,2,The Quarterly Journal of Austrian Economics,,https://link.springer.com/article/10.1007/s12113-004-1048-0,Book reviews,June 2004,Walter Block,Pierre Desrochers,,,,,,,,,Male,Male,Unknown,Unknown,Unknown,Unknown,Unknown,Unknown,Unknown,Unknown
7,3,The Quarterly Journal of Austrian Economics,,https://link.springer.com/article/10.1007/s12113-004-1008-8,Contestable market theory as a regulatory framework: An Austrian postmortem,September 2004,John Brätland,,,,,,,,,,Male,Unknown,Unknown,Unknown,Unknown,Unknown,Unknown,Unknown,Unknown,Unknown
7,3,The Quarterly Journal of Austrian Economics,,https://link.springer.com/article/10.1007/s12113-004-1009-7,Monetary reform from a comparative-theoretical perspective,September 2004,Anthony M. Carilli,Gregory M. Dempster,J. Rory Rohan,,,,,,,,Male,Male,Unknown,Unknown,Unknown,Unknown,Unknown,Unknown,Unknown,Unknown
7,3,The Quarterly Journal of Austrian Economics,,https://link.springer.com/article/10.1007/s12113-004-1010-1,"Reflexivity, business cycles, and the new economy",September 2004,Joseph Calandro,,,,,,,,,,Male,Unknown,Unknown,Unknown,Unknown,Unknown,Unknown,Unknown,Unknown,Unknown
7,3,The Quarterly Journal of Austrian Economics,,https://link.springer.com/article/10.1007/s12113-004-1011-0,"Science bought and sold: Essays in the economics of science. Edited by Philip Mirowski and Esther-Mirjam Sent. Chicago: University of Chicago Press, 2002",September 2004,Allan Walstad,,,,,,,,,,Male,Unknown,Unknown,Unknown,Unknown,Unknown,Unknown,Unknown,Unknown,Unknown
7,3,The Quarterly Journal of Austrian Economics,,https://link.springer.com/article/10.1007/s12113-004-1012-z,Book reviews,September 2004,Paul A. Cantor,Dale Steinreich,,,,,,,,,Male,,Unknown,Unknown,Unknown,Unknown,Unknown,Unknown,Unknown,Unknown
7,4,The Quarterly Journal of Austrian Economics,,https://link.springer.com/article/10.1007/s12113-004-1000-3,Editorial,December 2004,Jörg Guido Hülsmann,,,,,,,,,,Male,Unknown,Unknown,Unknown,Unknown,Unknown,Unknown,Unknown,Unknown,Unknown
7,4,The Quarterly Journal of Austrian Economics,,https://link.springer.com/article/10.1007/s12113-004-1001-2,Pitfalls of the classical school of crime,December 2004,Laurent Carnis,,,,,,,,,,Male,Unknown,Unknown,Unknown,Unknown,Unknown,Unknown,Unknown,Unknown,Unknown
7,4,The Quarterly Journal of Austrian Economics,,https://link.springer.com/article/10.1007/s12113-004-1002-1,"Praxeology, economics, and law: Issues and implications",December 2004,Larry J. Sechrest,,,,,,,,,,Male,Unknown,Unknown,Unknown,Unknown,Unknown,Unknown,Unknown,Unknown,Unknown
7,4,The Quarterly Journal of Austrian Economics,,https://link.springer.com/article/10.1007/s12113-004-1003-0,The a priori foundations of property economics,December 2004,Jörg Guido Hülsmann,,,,,,,,,,Male,Unknown,Unknown,Unknown,Unknown,Unknown,Unknown,Unknown,Unknown,Unknown
7,4,The Quarterly Journal of Austrian Economics,,https://link.springer.com/article/10.1007/s12113-004-1004-z,"Austrian law and economics: The contributions of adolf reinach and murray rothbard on law, economics, and praxeology",December 2004,Walter Block,,,,,,,,,,Male,Unknown,Unknown,Unknown,Unknown,Unknown,Unknown,Unknown,Unknown,Unknown
7,4,The Quarterly Journal of Austrian Economics,,https://link.springer.com/article/10.1007/s12113-004-1005-y,"Property, causality, and liability",December 2004,Hans-Hermann Hoppe,,,,,,,,,,Unknown,Unknown,Unknown,Unknown,Unknown,Unknown,Unknown,Unknown,Unknown,Unknown
7,4,The Quarterly Journal of Austrian Economics,,https://link.springer.com/article/10.1007/s12113-004-1006-x,Causation and aggression,December 2004,N. Stephan Kinsella,Patrick Tinsley,,,,,,,,,Unknown,Male,Unknown,Unknown,Unknown,Unknown,Unknown,Unknown,Unknown,Unknown
7,4,The Quarterly Journal of Austrian Economics,,https://link.springer.com/article/10.1007/s12113-004-1007-9,Toward meta-politics,December 2004,Leo Zaibert,,,,,,,,,,Male,Unknown,Unknown,Unknown,Unknown,Unknown,Unknown,Unknown,Unknown,Unknown
8,1,The Quarterly Journal of Austrian Economics,,https://link.springer.com/article/10.1007/s12113-005-1013-6,Hayek’s theory of money and cycles: Retrospective and reappraisal,March 2005,G. R. Steele,,,,,,,,,,Unknown,Unknown,Unknown,Unknown,Unknown,Unknown,Unknown,Unknown,Unknown,Unknown
8,1,The Quarterly Journal of Austrian Economics,,https://link.springer.com/article/10.1007/s12113-005-1014-5,Deflation and Japan revisited,March 2005,Richard C. B. Johnsson,,,,,,,,,,Male,Unknown,Unknown,Unknown,Unknown,Unknown,Unknown,Unknown,Unknown,Unknown
8,1,The Quarterly Journal of Austrian Economics,,https://link.springer.com/article/10.1007/s12113-005-1015-4,Binary economics: Paradigm shift or cluster of errors?,March 2005,Timothy D. Terrell,,,,,,,,,,Male,Unknown,Unknown,Unknown,Unknown,Unknown,Unknown,Unknown,Unknown,Unknown
8,1,The Quarterly Journal of Austrian Economics,,https://link.springer.com/article/10.1007/s12113-005-1016-3,Skyscrapers and business cycles,March 2005,Mark Thornton,,,,,,,,,,Male,Unknown,Unknown,Unknown,Unknown,Unknown,Unknown,Unknown,Unknown,Unknown
8,1,The Quarterly Journal of Austrian Economics,,https://link.springer.com/article/10.1007/s12113-005-1017-2,“The forgotten contribution: Murray rothbard on socialism in theory and in practice” and the reinterpretation of the socialist calculation debate: A comment,March 2005,Dennis A. Sperduto,,,,,,,,,,Male,Unknown,Unknown,Unknown,Unknown,Unknown,Unknown,Unknown,Unknown,Unknown
8,1,The Quarterly Journal of Austrian Economics,,https://link.springer.com/article/10.1007/s12113-005-1018-1,Book reviews,March 2005,Laurence M. Vance,Greg Kaza,,,,,,,,,Female,Male,Unknown,Unknown,Unknown,Unknown,Unknown,Unknown,Unknown,Unknown
8,2,The Quarterly Journal of Austrian Economics,,https://link.springer.com/article/10.1007/s12113-005-1019-0,The “values-riches” model: An alternative to garrison’s model in austrian macroeconomics of growth and cycle,June 2005,Renaud Fillieule,,,,,,,,,,Male,Unknown,Unknown,Unknown,Unknown,Unknown,Unknown,Unknown,Unknown,Unknown
8,2,The Quarterly Journal of Austrian Economics,,https://link.springer.com/article/10.1007/s12113-005-1020-7,The spatial nature of entrepreneurship,June 2005,David Emanuel Andersson,,,,,,,,,,Male,Unknown,Unknown,Unknown,Unknown,Unknown,Unknown,Unknown,Unknown,Unknown
8,2,The Quarterly Journal of Austrian Economics,,https://link.springer.com/article/10.1007/s12113-005-1021-6,William graham sumner: Monetary theorist,June 2005,H. A. Scott Trask,,,,,,,,,,Unknown,Unknown,Unknown,Unknown,Unknown,Unknown,Unknown,Unknown,Unknown,Unknown
8,2,The Quarterly Journal of Austrian Economics,,https://link.springer.com/article/10.1007/s12113-005-1022-5,"In defense of fiduciary media—A comment; or, what’s wrong with “clown” or play money?",June 2005,William Barnett,Walter Block,,,,,,,,,Male,Male,Unknown,Unknown,Unknown,Unknown,Unknown,Unknown,Unknown,Unknown
8,2,The Quarterly Journal of Austrian Economics,,https://link.springer.com/article/10.1007/s12113-005-1023-4,Samuelson and rothbard: Two texts and two legacies,June 2005,Shawn Ritenour,,,,,,,,,,,Unknown,Unknown,Unknown,Unknown,Unknown,Unknown,Unknown,Unknown,Unknown
8,2,The Quarterly Journal of Austrian Economics,,https://link.springer.com/article/10.1007/s12113-005-1024-3,Samuelson’s economics: The continuing legacy,June 2005,Aron A. Gottesman,Lall Ramrattan,Michael Szenberg,,,,,,,,Male,Unknown,Male,Unknown,Unknown,Unknown,Unknown,Unknown,Unknown,Unknown
8,3,The Quarterly Journal of Austrian Economics,,https://link.springer.com/article/10.1007/s12113-005-1031-4,The insulation argument in neoclassical international economics: A critique,September 2005,Bogdan GlĂvan,,,,,,,,,,Male,Unknown,Unknown,Unknown,Unknown,Unknown,Unknown,Unknown,Unknown,Unknown
8,3,The Quarterly Journal of Austrian Economics,,https://link.springer.com/article/10.1007/s12113-005-1032-3,Hermeneutic economics: Between relativism and progressive polylogism,September 2005,Pierre Perrin,,,,,,,,,,Male,Unknown,Unknown,Unknown,Unknown,Unknown,Unknown,Unknown,Unknown,Unknown
8,3,The Quarterly Journal of Austrian Economics,,https://link.springer.com/article/10.1007/s12113-005-1033-2,What austrian scholars should know about logic (and why),September 2005,Steven Yates,,,,,,,,,,Male,Unknown,Unknown,Unknown,Unknown,Unknown,Unknown,Unknown,Unknown,Unknown
8,3,The Quarterly Journal of Austrian Economics,,https://link.springer.com/article/10.1007/s12113-005-1034-1,The gold standard in contemporary economic principles textbooks: A survey,September 2005,James Kimball,,,,,,,,,,Male,Unknown,Unknown,Unknown,Unknown,Unknown,Unknown,Unknown,Unknown,Unknown
8,3,The Quarterly Journal of Austrian Economics,,https://link.springer.com/article/10.1007/s12113-005-1035-0,Interest: In defense of mises,September 2005,J. Patrick Gunning,,,,,,,,,,Unknown,Unknown,Unknown,Unknown,Unknown,Unknown,Unknown,Unknown,Unknown,Unknown
8,3,The Quarterly Journal of Austrian Economics,,https://link.springer.com/article/10.1007/s12113-005-1036-z,Energy: The master resource,September 2005,Pierre Desrochers,,,,,,,,,,Male,Unknown,Unknown,Unknown,Unknown,Unknown,Unknown,Unknown,Unknown,Unknown
8,3,The Quarterly Journal of Austrian Economics,,https://link.springer.com/article/10.1007/s12113-005-1037-y,When states fail: Causes and consequences,September 2005,Edward Stringham,,,,,,,,,,Male,Unknown,Unknown,Unknown,Unknown,Unknown,Unknown,Unknown,Unknown,Unknown
8,4,The Quarterly Journal of Austrian Economics,,https://link.springer.com/article/10.1007/s12113-005-1000-y,"Circular flow, austrian price theory, and social appraisement",December 2005,Barry Dean Simpson,Scott Kjar,,,,,,,,,Male,Male,Unknown,Unknown,Unknown,Unknown,Unknown,Unknown,Unknown,Unknown
8,4,The Quarterly Journal of Austrian Economics,,https://link.springer.com/article/10.1007/s12113-005-1001-x,Against polanyi-centrism: Hayek and the re-emergence of “spontaneous order”,December 2005,John P. Bladel,,,,,,,,,,Male,Unknown,Unknown,Unknown,Unknown,Unknown,Unknown,Unknown,Unknown,Unknown
8,4,The Quarterly Journal of Austrian Economics,,https://link.springer.com/article/10.1007/s12113-005-1002-9,The methodology of profit maximization: An Austrian alternative,December 2005,William L. Anderson,Ronald L. Ross,,,,,,,,,Male,Male,Unknown,Unknown,Unknown,Unknown,Unknown,Unknown,Unknown,Unknown
8,4,The Quarterly Journal of Austrian Economics,,https://link.springer.com/article/10.1007/s12113-005-1003-8,Dimensions and economics: Some answers,December 2005,Roger Nils Folsom,Rodolfo Alejo Gonzalez,,,,,,,,,Male,Male,Unknown,Unknown,Unknown,Unknown,Unknown,Unknown,Unknown,Unknown
8,4,The Quarterly Journal of Austrian Economics,,https://link.springer.com/article/10.1007/s12113-005-1004-7,Gold bonds and silver agitation,December 2005,Clifford F. Thies,,,,,,,,,,Male,Unknown,Unknown,Unknown,Unknown,Unknown,Unknown,Unknown,Unknown,Unknown
8,4,The Quarterly Journal of Austrian Economics,,https://link.springer.com/article/10.1007/s12113-005-1005-6,A note on preference and indifference in economic analysis,December 2005,Hans-Hermann Hoppe,,,,,,,,,,Unknown,Unknown,Unknown,Unknown,Unknown,Unknown,Unknown,Unknown,Unknown,Unknown
8,4,The Quarterly Journal of Austrian Economics,,https://link.springer.com/article/10.1007/s12113-005-1006-5,Book reviews,December 2005,Jörg Guido Hülsmann,Christopher Westley,,,,,,,,,Male,Male,Unknown,Unknown,Unknown,Unknown,Unknown,Unknown,Unknown,Unknown
9,1,The Quarterly Journal of Austrian Economics,,https://link.springer.com/article/10.1007/s12113-006-1000-6,The dutch monetary environment during tulipmania,March 2006,Doug French,,,,,,,,,,Male,Unknown,Unknown,Unknown,Unknown,Unknown,Unknown,Unknown,Unknown,Unknown
9,1,The Quarterly Journal of Austrian Economics,,https://link.springer.com/article/10.1007/s12113-006-1001-5,An Austrian version of the lucas critique,March 2006,Tobias Basse,,,,,,,,,,Male,Unknown,Unknown,Unknown,Unknown,Unknown,Unknown,Unknown,Unknown,Unknown
9,1,The Quarterly Journal of Austrian Economics,,https://link.springer.com/article/10.1007/s12113-006-1002-4,Restructuring before privatization—putting the cart before the horse: A case study of the steel industry in Romania,March 2006,Peter T. Calcagno,Frank Hefner,Marius Dan,,,,,,,,Male,Male,Male,Unknown,Unknown,Unknown,Unknown,Unknown,Unknown,Unknown
9,1,The Quarterly Journal of Austrian Economics,,https://link.springer.com/article/10.1007/s12113-006-1003-3,Austrian business cycle theories in the reviews of the federal reserve system,March 2006,Greg Kaza,,,,,,,,,,Male,Unknown,Unknown,Unknown,Unknown,Unknown,Unknown,Unknown,Unknown,Unknown
9,1,The Quarterly Journal of Austrian Economics,,https://link.springer.com/article/10.1007/s12113-006-1004-2,Gallaway and vedder on stabilization policy,March 2006,William Barnett,Walter Block,,,,,,,,,Male,Male,Unknown,Unknown,Unknown,Unknown,Unknown,Unknown,Unknown,Unknown
9,1,The Quarterly Journal of Austrian Economics,,https://link.springer.com/article/10.1007/s12113-006-1005-1,Book reviews,March 2006,Jerry H. Tempelman,Nikolay Gertchev,,,,,,,,,Male,Male,Unknown,Unknown,Unknown,Unknown,Unknown,Unknown,Unknown,Unknown
9,2,The Quarterly Journal of Austrian Economics,,https://link.springer.com/article/10.1007/s12113-006-1006-0,Cantor’s diagonal argument: An extension to the socialist calculation debate,June 2006,Robert Murphy,,,,,,,,,,Male,Unknown,Unknown,Unknown,Unknown,Unknown,Unknown,Unknown,Unknown,Unknown
9,2,The Quarterly Journal of Austrian Economics,,https://link.springer.com/article/10.1007/s12113-006-1007-z,Toward a calculational theory and policy of intergenerational sustainability,June 2006,John Brätland,,,,,,,,,,Male,Unknown,Unknown,Unknown,Unknown,Unknown,Unknown,Unknown,Unknown,Unknown
9,2,The Quarterly Journal of Austrian Economics,,https://link.springer.com/article/10.1007/s12113-006-1008-y,The role of the economist in economic development,June 2006,Christopher J. Coyne,Peter J. Boettke,,,,,,,,,Male,Male,Unknown,Unknown,Unknown,Unknown,Unknown,Unknown,Unknown,Unknown
9,2,The Quarterly Journal of Austrian Economics,,https://link.springer.com/article/10.1007/s12113-006-1009-x,An empirical examination of Austrian business cycle theory,June 2006,Robert F. Mulligan,,,,,,,,,,Male,Unknown,Unknown,Unknown,Unknown,Unknown,Unknown,Unknown,Unknown,Unknown
9,2,The Quarterly Journal of Austrian Economics,,https://link.springer.com/article/10.1007/s12113-006-1010-4,Deflation and economic growth,June 2006,Greg Kaza,,,,,,,,,,Male,Unknown,Unknown,Unknown,Unknown,Unknown,Unknown,Unknown,Unknown,Unknown
9,2,The Quarterly Journal of Austrian Economics,,https://link.springer.com/article/10.1007/s12113-006-1011-3,Against Leviathan: Government power and a free society,June 2006,William L. Anderson,,,,,,,,,,Male,Unknown,Unknown,Unknown,Unknown,Unknown,Unknown,Unknown,Unknown,Unknown
9,3,The Quarterly Journal of Austrian Economics,,https://link.springer.com/article/10.1007/s12113-006-1012-2,Realism and abstraction in economics: Aristotle and Mises versus Friedman,September 2006,Roderick T. Long,,,,,,,,,,Male,Unknown,Unknown,Unknown,Unknown,Unknown,Unknown,Unknown,Unknown,Unknown
9,3,The Quarterly Journal of Austrian Economics,,https://link.springer.com/article/10.1007/s12113-006-1013-1,From Mises to Morgenstern: Austrian economics during the ständestaat,September 2006,Hansjörg Klausinger,,,,,,,,,,Male,Unknown,Unknown,Unknown,Unknown,Unknown,Unknown,Unknown,Unknown,Unknown
9,3,The Quarterly Journal of Austrian Economics,,https://link.springer.com/article/10.1007/s12113-006-1014-0,Cantilion on the cause of the business cycle,September 2006,Mark Thornton,,,,,,,,,,Male,Unknown,Unknown,Unknown,Unknown,Unknown,Unknown,Unknown,Unknown,Unknown
9,3,The Quarterly Journal of Austrian Economics,,https://link.springer.com/article/10.1007/s12113-006-1015-z,Rothbard on V shaped average and total cost curves,September 2006,Will Barnett,Walter Block,,,,,,,,,,Male,Unknown,Unknown,Unknown,Unknown,Unknown,Unknown,Unknown,Unknown
9,3,The Quarterly Journal of Austrian Economics,,https://link.springer.com/article/10.1007/s12113-006-1016-y,How big is the Austrian tent? A reply to Barnett and Block,September 2006,Lowell Gallaway,Richard Vedder,,,,,,,,,Male,Male,Unknown,Unknown,Unknown,Unknown,Unknown,Unknown,Unknown,Unknown
9,3,The Quarterly Journal of Austrian Economics,,https://link.springer.com/article/10.1007/s12113-006-1017-x,"George Alexander Duncan, 1902–2005",September 2006,Antoin E. Murphy,,,,,,,,,,Male,Unknown,Unknown,Unknown,Unknown,Unknown,Unknown,Unknown,Unknown,Unknown
9,3,The Quarterly Journal of Austrian Economics,,https://link.springer.com/article/10.1007/s12113-006-1018-9,Lives at risk: Single-prayer national health insurance around the world,September 2006,Dale Steinreich,,,,,,,,,,,Unknown,Unknown,Unknown,Unknown,Unknown,Unknown,Unknown,Unknown,Unknown
9,4,The Quarterly Journal of Austrian Economics,,https://link.springer.com/article/10.1007/s12113-006-1019-8,Editorial,December 2006,Joseph T. Salerno,Jeffrey M. Herbener,Mark Thornton,,,,,,,,Male,Male,Male,Unknown,Unknown,Unknown,Unknown,Unknown,Unknown,Unknown
9,4,The Quarterly Journal of Austrian Economics,,https://link.springer.com/article/10.1007/s12113-006-1020-2,"Money, prices, and capital: An Austrian approach to macroeconomics",December 2006,William Butos,,,,,,,,,,Male,Unknown,Unknown,Unknown,Unknown,Unknown,Unknown,Unknown,Unknown,Unknown
9,4,The Quarterly Journal of Austrian Economics,,https://link.springer.com/article/10.1007/s12113-006-1021-1,Suggestions for teaching intermediate macroeconomics: A praxeological perspective,December 2006,Shawn Ritenour,,,,,,,,,,,Unknown,Unknown,Unknown,Unknown,Unknown,Unknown,Unknown,Unknown,Unknown
9,4,The Quarterly Journal of Austrian Economics,,https://link.springer.com/article/10.1007/s12113-006-1022-0,Explaining malinvestment and overinvestment,December 2006,Larry J. Sechrest,,,,,,,,,,Male,Unknown,Unknown,Unknown,Unknown,Unknown,Unknown,Unknown,Unknown,Unknown
9,4,The Quarterly Journal of Austrian Economics,,https://link.springer.com/article/10.1007/s12113-006-1023-z,A simple model of the theory of money prices,December 2006,Joseph T. Salerno,,,,,,,,,,Male,Unknown,Unknown,Unknown,Unknown,Unknown,Unknown,Unknown,Unknown,Unknown
9,4,The Quarterly Journal of Austrian Economics,,https://link.springer.com/article/10.1007/s12113-006-1024-y,Natural and neutral rates of interest in theory and policy formulation,December 2006,Roger W. Garrison,,,,,,,,,,Male,Unknown,Unknown,Unknown,Unknown,Unknown,Unknown,Unknown,Unknown,Unknown
9,4,The Quarterly Journal of Austrian Economics,,https://link.springer.com/article/10.1007/s12113-006-1025-x,Book reviews,December 2006,David Gordon,Peter Lewin,,,,,,,,,Male,Male,Unknown,Unknown,Unknown,Unknown,Unknown,Unknown,Unknown,Unknown
10,1,The Quarterly Journal of Austrian Economics,14 June 2007,https://link.springer.com/article/10.1007/s12113-007-9005-3,The Limits of Numerical Probability: Frank H. Knight and Ludwig von Mises and The Frequency Interpretation,March 2007,Hans-Hermann Hoppe,,,,,,,,,,Unknown,Unknown,Unknown,Unknown,Unknown,Unknown,Unknown,Unknown,Unknown,Unknown
10,1,The Quarterly Journal of Austrian Economics,14 June 2007,https://link.springer.com/article/10.1007/s12113-007-9006-2,Property Rights and Time Preference,March 2007,Robert F. Mulligan,,,,,,,,,,Male,Unknown,Unknown,Unknown,Unknown,Unknown,Unknown,Unknown,Unknown,Unknown
10,1,The Quarterly Journal of Austrian Economics,14 June 2007,https://link.springer.com/article/10.1007/s12113-007-9003-5,Austrian Economics and the Market Test Reexamined,March 2007,Daniel Sutter,,,,,,,,,,Male,Unknown,Unknown,Unknown,Unknown,Unknown,Unknown,Unknown,Unknown,Unknown
10,1,The Quarterly Journal of Austrian Economics,14 June 2007,https://link.springer.com/article/10.1007/s12113-007-9004-4,"Jean-Baptiste Say, The Father of Austrian Public Finance: Views on Taxation",March 2007,Mark Brandly,,,,,,,,,,Male,Unknown,Unknown,Unknown,Unknown,Unknown,Unknown,Unknown,Unknown,Unknown
10,1,The Quarterly Journal of Austrian Economics,14 June 2007,https://link.springer.com/article/10.1007/s12113-007-9001-7,"The “Law” of One Price: Implausible, Yet Consequential",March 2007,Salim Rashid,,,,,,,,,,Male,Unknown,Unknown,Unknown,Unknown,Unknown,Unknown,Unknown,Unknown,Unknown
10,1,The Quarterly Journal of Austrian Economics,14 June 2007,https://link.springer.com/article/10.1007/s12113-007-9002-6,"Firms, Strategies, and Economic Change: Explorations in Austrian Economics. By Fu-Lai Tony Yu. Cheltenham, U.K.: Edward Elgar, 2005.",March 2007,Peter G. Klein,,,,,,,,,,Male,Unknown,Unknown,Unknown,Unknown,Unknown,Unknown,Unknown,Unknown,Unknown
10,1,The Quarterly Journal of Austrian Economics,14 June 2007,https://link.springer.com/article/10.1007/s12113-007-9000-8,"Re-Thinking Green: Alternatives to Environmental Bureaucracy. Edited by Robert Higgs and Carl P. Close. Oakland, Calif.: The Independent Institute, 2005",March 2007,Lenka Camrova,,,,,,,,,,Female,Unknown,Unknown,Unknown,Unknown,Unknown,Unknown,Unknown,Unknown,Unknown
10,2,The Quarterly Journal of Austrian Economics,08 September 2007,https://link.springer.com/article/10.1007/s12113-007-9010-6,Are Macroeconomic Theorists Rational?,June 2007,G. R. Steele,,,,,,,,,,Unknown,Unknown,Unknown,Unknown,Unknown,Unknown,Unknown,Unknown,Unknown,Unknown
10,2,The Quarterly Journal of Austrian Economics,08 September 2007,https://link.springer.com/article/10.1007/s12113-007-9015-1,The Non Sequitur in the Revival of Monopsony Theory,June 2007,Don Bellante,,,,,,,,,,Male,Unknown,Unknown,Unknown,Unknown,Unknown,Unknown,Unknown,Unknown,Unknown
10,2,The Quarterly Journal of Austrian Economics,09 September 2007,https://link.springer.com/article/10.1007/s12113-007-9012-4,Free Banking in Sweden 1830–1903: Experience and Debate,June 2007,Erik Lakomaa,,,,,,,,,,Male,Unknown,Unknown,Unknown,Unknown,Unknown,Unknown,Unknown,Unknown,Unknown
10,2,The Quarterly Journal of Austrian Economics,11 October 2007,https://link.springer.com/article/10.1007/s12113-007-9009-z,The Compatibility of Hoppe’s and Rothbard’s Views of the Action Axiom,June 2007,Gennady Stolyarov II,,,,,,,,,,Male,Unknown,Unknown,Unknown,Unknown,Unknown,Unknown,Unknown,Unknown,Unknown
10,2,The Quarterly Journal of Austrian Economics,09 September 2007,https://link.springer.com/article/10.1007/s12113-007-9011-5,Economic Decline and the Failure of Chinese Entrepreneurs,June 2007,Greg Clydesdale,,,,,,,,,,Male,Unknown,Unknown,Unknown,Unknown,Unknown,Unknown,Unknown,Unknown,Unknown
10,2,The Quarterly Journal of Austrian Economics,11 October 2007,https://link.springer.com/article/10.1007/s12113-007-9013-3,"Global Trade and Conflicting National Interests By Ralph E. Gomory and William J. Baumol. Cambridge, Mass.: Massachusetts Institute of Technology Press, 2000.",June 2007,Mark Brandly,,,,,,,,,,Male,Unknown,Unknown,Unknown,Unknown,Unknown,Unknown,Unknown,Unknown,Unknown
10,2,The Quarterly Journal of Austrian Economics,08 September 2007,https://link.springer.com/article/10.1007/s12113-007-9014-2,"Good and Plenty: The Creative Successes of American Arts Funding. By Tyler Cowen. Princeton, N.J.: Princeton University Press, 2006.",June 2007,Shawn Ritenour,,,,,,,,,,,Unknown,Unknown,Unknown,Unknown,Unknown,Unknown,Unknown,Unknown,Unknown
10,3,The Quarterly Journal of Austrian Economics,16 November 2007,https://link.springer.com/article/10.1007/s12113-007-9026-y,A Formal Model in Hayekian Macroeconomics: The Proportional Goods-in-Process Structure of Production,September 2007,Renaud Fillieule,,,,,,,,,,Male,Unknown,Unknown,Unknown,Unknown,Unknown,Unknown,Unknown,Unknown,Unknown
10,3,The Quarterly Journal of Austrian Economics,16 November 2007,https://link.springer.com/article/10.1007/s12113-007-9025-z,Austrian Elements of Structuralist Unemployment Theory?,September 2007,Guido Zimmermann,,,,,,,,,,Male,Unknown,Unknown,Unknown,Unknown,Unknown,Unknown,Unknown,Unknown,Unknown
10,3,The Quarterly Journal of Austrian Economics,14 November 2007,https://link.springer.com/article/10.1007/s12113-007-9020-4,Toward a Clarification of the Block-Demsetz Debate on Psychic Income and Externalities,September 2007,Michael Brooks,,,,,,,,,,Male,Unknown,Unknown,Unknown,Unknown,Unknown,Unknown,Unknown,Unknown,Unknown
10,3,The Quarterly Journal of Austrian Economics,20 November 2007,https://link.springer.com/article/10.1007/s12113-007-9022-2,"Apriorism, Introspection, and the Axiom of Action: A Realist Solution",September 2007,François Facchini,,,,,,,,,,Male,Unknown,Unknown,Unknown,Unknown,Unknown,Unknown,Unknown,Unknown,Unknown
10,3,The Quarterly Journal of Austrian Economics,07 November 2007,https://link.springer.com/article/10.1007/s12113-007-9016-0,"Econospinning: How to Read Between the Lines When the Media Manipulate the Numbers. By Gene Epstein. Hoboken, NJ: Wiley, 2006.",September 2007,Morgan Reynolds,,,,,,,,,,,Unknown,Unknown,Unknown,Unknown,Unknown,Unknown,Unknown,Unknown,Unknown
10,3,The Quarterly Journal of Austrian Economics,07 November 2007,https://link.springer.com/article/10.1007/s12113-007-9017-z,"Depression, War, and Cold War: Studies in Political Economy. By Robert Higgs",September 2007,Mark Thornton,,,,,,,,,,Male,Unknown,Unknown,Unknown,Unknown,Unknown,Unknown,Unknown,Unknown,Unknown
10,4,The Quarterly Journal of Austrian Economics,10 November 2007,https://link.springer.com/article/10.1007/s12113-007-9027-x,Market Socialism and the Property Problem: Different Perspective of the Socialist Calculation Debate,December 2007,Mateusz Machaj,,,,,,,,,,Male,Unknown,Unknown,Unknown,Unknown,Unknown,Unknown,Unknown,Unknown,Unknown
10,4,The Quarterly Journal of Austrian Economics,15 November 2007,https://link.springer.com/article/10.1007/s12113-007-9024-0,"Mathematics, Metaphors and Economic Visualisability",December 2007,Peter J. Phillips,,,,,,,,,,Male,Unknown,Unknown,Unknown,Unknown,Unknown,Unknown,Unknown,Unknown,Unknown
10,4,The Quarterly Journal of Austrian Economics,15 November 2007,https://link.springer.com/article/10.1007/s12113-007-9021-3,Fritz Machlup’s Methodology and The Theory of the Growth of the Firm,December 2007,Carol M. Connell,,,,,,,,,,,Unknown,Unknown,Unknown,Unknown,Unknown,Unknown,Unknown,Unknown,Unknown
10,4,The Quarterly Journal of Austrian Economics,14 November 2007,https://link.springer.com/article/10.1007/s12113-007-9023-1,A Critique of Adaptive and Rational Expectations,December 2007,Nikolay Gertchev,,,,,,,,,,Male,Unknown,Unknown,Unknown,Unknown,Unknown,Unknown,Unknown,Unknown,Unknown
10,4,The Quarterly Journal of Austrian Economics,26 October 2007,https://link.springer.com/article/10.1007/s12113-007-9018-y,The Dinosaur Among Us: The World Bank and its Path to Extinction. By Jeffrey C. Hooke,December 2007,Christopher Westley,,,,,,,,,,Male,Unknown,Unknown,Unknown,Unknown,Unknown,Unknown,Unknown,Unknown,Unknown
10,4,The Quarterly Journal of Austrian Economics,14 November 2007,https://link.springer.com/article/10.1007/s12113-007-9019-x,When Washington Shut Down Wall Street: The Great Financial Crisis of 1914 and the Origins of America’s Monetary Supremacy,December 2007,Greg Kaza,,,,,,,,,,Male,Unknown,Unknown,Unknown,Unknown,Unknown,Unknown,Unknown,Unknown,Unknown
11,1,The Quarterly Journal of Austrian Economics,06 August 2008,https://link.springer.com/article/10.1007/s12113-008-9028-4,Monetary Inflation’s Effect on Wealth Inequality: An Austrian Analysis,March 2008,Zoran Balac,,,,,,,,,,Male,Unknown,Unknown,Unknown,Unknown,Unknown,Unknown,Unknown,Unknown,Unknown
11,1,The Quarterly Journal of Austrian Economics,08 August 2008,https://link.springer.com/article/10.1007/s12113-008-9029-3,Production Structure in the Context of International Trade,March 2008,Miroslav Kollar,,,,,,,,,,Male,Unknown,Unknown,Unknown,Unknown,Unknown,Unknown,Unknown,Unknown,Unknown
11,1,The Quarterly Journal of Austrian Economics,06 August 2008,https://link.springer.com/article/10.1007/s12113-008-9030-x,"Coordination Failures, Cluster Theory, and Entrepreneurship: A Critical View",March 2008,Bogdan Glăvan,,,,,,,,,,Male,Unknown,Unknown,Unknown,Unknown,Unknown,Unknown,Unknown,Unknown,Unknown
11,1,The Quarterly Journal of Austrian Economics,29 July 2008,https://link.springer.com/article/10.1007/s12113-008-9031-9,Austrian Business Cycle Theory: A Corporate Finance Point of View,March 2008,Paul F. Cwik,,,,,,,,,,Male,Unknown,Unknown,Unknown,Unknown,Unknown,Unknown,Unknown,Unknown,Unknown
11,1,The Quarterly Journal of Austrian Economics,06 August 2008,https://link.springer.com/article/10.1007/s12113-008-9032-8,Histoire du libéralisme en Europe. Edited by Philippe Nemo and Jean Petitot,March 2008,Wolfgang Grassl,,,,,,,,,,Male,Unknown,Unknown,Unknown,Unknown,Unknown,Unknown,Unknown,Unknown,Unknown
11,1,The Quarterly Journal of Austrian Economics,01 August 2008,https://link.springer.com/article/10.1007/s12113-008-9033-7,The Soulful Science: What Economists Really Do and Why It Matters. By Diane Coyle,March 2008,Samuel Bostaph,,,,,,,,,,Male,Unknown,Unknown,Unknown,Unknown,Unknown,Unknown,Unknown,Unknown,Unknown
11,2,The Quarterly Journal of Austrian Economics,20 August 2008,https://link.springer.com/article/10.1007/s12113-008-9034-6,"Austrian Business Cycle Theory in Light of Rational Expectations: The Role of Heterogeneity, the Monetary Footprint, and Adverse Selection in Monetary Expansion",June 2008,Anthony J. Evans,Toby Baxendale,,,,,,,,,Male,,Unknown,Unknown,Unknown,Unknown,Unknown,Unknown,Unknown,Unknown
11,2,The Quarterly Journal of Austrian Economics,16 August 2008,https://link.springer.com/article/10.1007/s12113-008-9035-5,European Business Fluctuations in the Austrian Framework,June 2008,Miia Parnaudeau,,,,,,,,,,Female,Unknown,Unknown,Unknown,Unknown,Unknown,Unknown,Unknown,Unknown,Unknown
11,2,The Quarterly Journal of Austrian Economics,20 August 2008,https://link.springer.com/article/10.1007/s12113-008-9036-4,Entrepreneurial Planning in a Regulated Environment: the U.S. Federal Maritime Commission and the Maritime Industry,June 2008,Robert F. Mulligan,Gary A. Lombardo,,,,,,,,,Male,Male,Unknown,Unknown,Unknown,Unknown,Unknown,Unknown,Unknown,Unknown
11,2,The Quarterly Journal of Austrian Economics,29 July 2008,https://link.springer.com/article/10.1007/s12113-008-9037-3,"Austrian Business Cycle Theory, Keynes’s General Theory, Soaring Wheat Prices, and Subprime Mortgage Write-Downs",June 2008,G. R. Steele,,,,,,,,,,Unknown,Unknown,Unknown,Unknown,Unknown,Unknown,Unknown,Unknown,Unknown,Unknown
11,2,The Quarterly Journal of Austrian Economics,20 August 2008,https://link.springer.com/article/10.1007/s12113-008-9038-2,Cantor’s Diagonal Argument: An Extension to the Socialist Calculation Debate—A Comment,June 2008,Juliusz Jabłecki,Mateusz Machaj,,,,,,,,,Male,Male,Unknown,Unknown,Unknown,Unknown,Unknown,Unknown,Unknown,Unknown
11,2,The Quarterly Journal of Austrian Economics,21 August 2008,https://link.springer.com/article/10.1007/s12113-008-9039-1,"Operators are not Parameters, the Dimensions of Operators and Variables Must be Invariant, and Indices may not be Dimensioned: Rejoinder to Professors Folsom and Gonzalez",June 2008,William Barnett II,,,,,,,,,,Male,Unknown,Unknown,Unknown,Unknown,Unknown,Unknown,Unknown,Unknown,Unknown
11,2,The Quarterly Journal of Austrian Economics,20 August 2008,https://link.springer.com/article/10.1007/s12113-008-9040-8,Hayek the Neoclassical Font: A Review Essay on Hayek’s Challenge,June 2008,Sudha Shenoy,,,,,,,,,,Female,Unknown,Unknown,Unknown,Unknown,Unknown,Unknown,Unknown,Unknown,Unknown
11,2,The Quarterly Journal of Austrian Economics,01 August 2008,https://link.springer.com/article/10.1007/s12113-008-9041-7,Benjamin Powell (ed): Making Poor Nations Rich: Entrepreneurship and the Process of Economic Development,June 2008,Yuri Maltsev,,,,,,,,,,Male,Unknown,Unknown,Unknown,Unknown,Unknown,Unknown,Unknown,Unknown,Unknown
11,2,The Quarterly Journal of Austrian Economics,01 August 2008,https://link.springer.com/article/10.1007/s12113-008-9042-6,"John V. C. Nye (ed): War, Wine, and Taxes: The Political Economy of Anglo-French Trade, 1689–1900",June 2008,Mark Thornton,,,,,,,,,,Male,Unknown,Unknown,Unknown,Unknown,Unknown,Unknown,Unknown,Unknown,Unknown
11,3,The Quarterly Journal of Austrian Economics,13 November 2008,https://link.springer.com/article/10.1007/s12113-008-9049-z,Editorial,December 2008,Jeffrey M. Herbener,Shawn Ritenour,,,,,,,,,Male,,Unknown,Unknown,Unknown,Unknown,Unknown,Unknown,Unknown,Unknown
11,3,The Quarterly Journal of Austrian Economics,25 November 2008,https://link.springer.com/article/10.1007/s12113-008-9045-3,The Mundane Economics of the Austrian School,December 2008,Peter G. Klein,,,,,,,,,,Male,Unknown,Unknown,Unknown,Unknown,Unknown,Unknown,Unknown,Unknown,Unknown
11,3,The Quarterly Journal of Austrian Economics,18 November 2008,https://link.springer.com/article/10.1007/s12113-008-9043-5,The Entrepreneur: Real and Imagined,December 2008,Joseph T. Salerno,,,,,,,,,,Male,Unknown,Unknown,Unknown,Unknown,Unknown,Unknown,Unknown,Unknown,Unknown
11,3,The Quarterly Journal of Austrian Economics,13 November 2008,https://link.springer.com/article/10.1007/s12113-008-9044-4,Mises on Monetary Reform: the Private Alternative,December 2008,Jörg Guido Hülsmann,,,,,,,,,,Male,Unknown,Unknown,Unknown,Unknown,Unknown,Unknown,Unknown,Unknown,Unknown
11,3,The Quarterly Journal of Austrian Economics,22 November 2008,https://link.springer.com/article/10.1007/s12113-008-9047-1,What Austrian Economics Can Teach Historians,December 2008,Thomas E. Woods Jr.,,,,,,,,,,Male,Unknown,Unknown,Unknown,Unknown,Unknown,Unknown,Unknown,Unknown,Unknown
11,3,The Quarterly Journal of Austrian Economics,25 November 2008,https://link.springer.com/article/10.1007/s12113-008-9046-2,The Great Depression: Mises vs. Fisher,December 2008,Mark Thornton,,,,,,,,,,Male,Unknown,Unknown,Unknown,Unknown,Unknown,Unknown,Unknown,Unknown,Unknown
11,3,The Quarterly Journal of Austrian Economics,03 December 2008,https://link.springer.com/article/10.1007/s12113-008-9048-0,An Austrian Foundation for Microeconomic Principles,December 2008,John B. Egger,,,,,,,,,,Male,Unknown,Unknown,Unknown,Unknown,Unknown,Unknown,Unknown,Unknown,Unknown
